repeat,size,bulk,ms
0,8,False,0.04243333334724109
0,8,True,0.05681666662295659
1,8,True,0.04951666668057442
1,8,False,0.039383333325386044
2,8,False,0.05010000000397364
2,8,True,0.03998333329955737
3,8,True,0.025749999980131784
3,8,False,0.03476666669050853
0,65536,False,1.352800000011921
0,65536,True,0.13006666670242945
1,65536,True,0.0977666666607062
1,65536,False,1.3576666666567325
2,65536,False,1.299366666674614
2,65536,True,0.12108333334326744
3,65536,True,0.1017833333214124
3,65536,False,1.3005666666726272
0,1048576,False,20.45046875020489
0,1048576,True,1.5368749997578561
1,1048576,True,1.5721875000745058
1,1048576,False,20.782031250186265
2,1048576,False,20.87390625011176
2,1048576,True,1.471406249795109
3,1048576,True,1.804374999832362
3,1048576,False,21.939843750093132
0,8388608,False,162.1779166671137
0,8388608,True,14.371249999850988
1,8388608,True,14.87166666612029
1,8388608,False,161.62208333363137
2,8388608,False,163.290416666617
2,8388608,True,13.317916667709747
3,8388608,True,14.335833333432674
3,8388608,False,160.47249999890724
