repeat,codec,records,wire_bytes,encode_ms,owned_decode_ms,validate_only_ms
0,tagged-serde,10485,1530195,0.44468750013038516,1.0465625000651926,
0,postcard,10485,879989,0.18898437498137355,0.3982031249906868,
0,rkyv,10485,1010936,0.154296875,0.40054687508381903,0.10093749989755452
1,tagged-serde,10485,1530195,0.33218750008381903,1.0180468750186265,
1,postcard,10485,879989,0.17890625004656613,0.4010937500279397,
1,rkyv,10485,1010936,0.15351562504656613,0.4033593749627471,0.09945312491618097
2,tagged-serde,10485,1530195,0.3503125000279397,1.0308593751396984,
2,postcard,10485,879989,0.1839843748603016,0.4053906248882413,
2,rkyv,10485,1010936,0.15445312508381903,0.4073437498882413,0.10187500016763806
